ISO3,Country,recent_period_start,recent_period_end,yield_recent_avg_kg_ha,fertilizers_recent_avg_kg_ha,emissions_recent_avg_t_per_ha,agriculture_share_gdp_recent_avg,yield_z,fert_z,emis_z,efficiency_index,efficiency_0_100
MUS,Mauritius,2014,2023,59102.45669225656,187.459,1.9523773557316102,3.1618130369304,7.050205935686416,1.0897264415850219,-0.20850542958499,2.8978010959796285,100.0
SWZ,Eswatini,2014,2023,31974.82606699564,66.365,2.084383329632567,7.310290965497129,3.355292682962025,-0.23341479892910458,-0.18650676148293616,1.6265328373823766,78.31297587319182
NLD,Netherlands (Kingdom of the),2014,2023,38367.01929596278,142.64600000000002,6.353034258339758,1.7714042509839694,4.225940024115825,0.6000743662455374,0.5248597945080028,1.5904357523514594,77.69718266929576
FJI,Fiji,2014,2023,27881.888235218365,53.028,1.3367194475142683,11.34094847806454,2.7978149420520433,-0.3791423719280715,-0.3111042255867508,1.4505354918985287,75.31057362492518
BRB,Barbados,2014,2023,23194.699102154915,67.19,3.454667777777778,2.138395457366787,2.159397327000367,-0.22440038431381268,0.0418498188243284,1.0285864577382269,68.1123927356964
CUB,Cuba,2014,2023,15680.798798149412,23.433,1.155885575625681,2.8613252409844057,1.135968108413654,-0.7025140089457236,-0.34124001574630153,0.8072498554064367,64.33653173826076
JAM,Jamaica,2014,2023,16204.908445291756,45.013,1.3935554201817917,7.3270499687446575,1.207354353230172,-0.4667187757360283,-0.3016325656154502,0.7587332330782485,63.50886916439642
PRI,Puerto Rico,2014,2023,16276.675809845852,39.762,2.348300791925144,0.7383013056596951,1.217129412101591,-0.5240941589419648,-0.14252517119773592,0.7405677759277394,63.19897807348514
GTM,Guatemala,2014,2023,17175.612764995116,111.922,1.749668709639844,9.611202047339045,1.3395689319707458,0.2643666394088978,-0.24228662974594073,0.5840676850006514,60.52918652883626
SLV,El Salvador,2014,2023,13609.989769657866,69.90599999999999,1.3203182030029925,5.19772250200501,0.8539139980148717,-0.19472383874395488,-0.31383747714955434,0.5211378200172673,59.45564324561345
BEL,Belgium,2014,2023,24330.38939919693,251.821,3.9900370264409224,0.7087216143713302,2.3140837862602304,1.792981900335829,0.1310685872281202,0.4706759869093249,58.59479661887359
PAN,Panama,2014,2023,12375.355310214072,62.964999999999996,1.7942108181467291,2.711960766523299,0.6857508698196236,-0.27056511370727715,-0.23486373036758515,0.44847335812291006,58.21603395968404
BHS,Bahamas,2014,2023,16290.519651557921,151.42,2.1597840909090906,0.7179150976994293,1.219015009665092,0.6959440314995625,-0.17394129741379516,0.38325886925287145,57.103516452873514
DOM,Dominican Republic,2014,2023,13816.689336575524,93.106,3.3294547543627298,4.584405981851907,0.8820674692739968,0.05877242680122272,0.020983189362323608,0.3740528357923508,56.946467404869416
JOR,Jordan,2014,2023,13506.296743203031,97.582,2.6069750505688325,4.512498680231859,0.8397905110448634,0.10767972355036991,-0.09941735573843807,0.37045615183968705,56.885110274987184
COG,Congo,2014,2023,6997.876307884646,5.151999999999999,0.6733337632220735,7.535841757703578,-0.04668753242889676,-0.9022625102574215,-0.42165680939138495,0.3550835658320691,56.62286378107526
VCT,Saint Vincent and the Grenadines,2014,2023,8784.981844979371,39.762,1.24339,6.313739521803583,0.19672480329052366,-0.5240941589419648,-0.32665748790770377,0.327418781140251,56.15092023256219
PER,Peru,2014,2023,10912.26279163198,77.228,2.1054188208194162,7.0556735676189195,0.48647065948540885,-0.1147195432128432,-0.1830012171859002,0.29907796402876197,55.66744400296725
NIC,Nicaragua,2014,2023,9398.291766605314,53.391999999999996,1.91849399110617,15.73509880662393,0.28026055282748713,-0.37516510293417304,-0.2141520595862594,0.29220479454918596,55.55019212373315
CRI,Costa Rica,2014,2023,22745.876908585353,285.757,3.621253215453356,4.458849485120355,2.098265594043462,2.163785748074671,0.06961112117879598,0.2776810126024576,55.30242568469787
GHA,Ghana,2014,2023,6513.532733187622,20.605,0.704146212828081,19.44001702562409,-0.11265744766924503,-0.7334143295906271,-0.4165219444132106,0.27345893352933054,55.23039971370004
CHE,Switzerland,2014,2023,13666.038097472232,119.056,3.7162689582472725,0.6490501454430279,0.8615480487764409,0.3423167410640399,0.0854454029800254,0.2636402488851801,55.06289922799912
LAO,Lao People's Democratic Republic,2014,2023,9181.785374320596,44.28,3.0112200544139536,16.40394122458331,0.25077134497136766,-0.4747279465396755,-0.03205031613631714,0.26327806823309735,55.05672065751499
ALB,Albania,2014,2023,9641.792519951992,76.422,1.4913694850024324,18.1113533914685,0.31342652198334886,-0.12352635312790408,-0.2853319461501787,0.24943282736842287,54.82052969573876
SAU,Saudi Arabia,2014,2023,10451.356048949285,95.824,1.5400355714119027,2.5730544875761123,0.4236929530453006,0.08847082549742072,-0.27722178983595713,0.23342602868014833,54.547463938768935
TON,Tonga,2014,2023,4731.587443871309,6.035,0.6271481720430108,16.98884540885674,-0.3553669329198139,-0.8926143549782667,-0.42935359357031666,0.2152075850721429,54.23666893275213
COD,Democratic Republic of the Congo,2014,2023,4194.314253677559,1.737,0.3498816369078872,18.86600458349851,-0.4285461153631132,-0.9395767234831449,-0.4755597939565237,0.20791721362067342,54.1122998544776
DZA,Algeria,2014,2023,5324.142624157246,19.003999999999998,0.8367910787847298,11.253263410980203,-0.27465807858403496,-0.7509077572258784,-0.3944168055669104,0.2002803931966754,53.98202057811928
PNG,Papua New Guinea,2014,2023,6228.872935560676,31.407999999999998,1.3547733856806397,17.62313611870356,-0.1514294758385696,-0.6153746676645688,-0.308095554221961,0.19349302472750457,53.86623240929418
NRU,Nauru,2014,2023,3969.5640739902447,0.5,0.48125,15.9163265306122,-0.4591581665573504,-0.9530928821244976,-0.453667383080166,0.19272353545658305,53.8531054140507
DMA,Dominica,2014,2023,4997.683897901252,19.955,0.57665,12.345262834019213,-0.3191233210806489,-0.7405165956511602,-0.4377690651865338,0.1879917505056895,53.772384186490015
KGZ,Kyrgyzstan,2014,2023,5469.326516464505,19.515,1.338560538426974,12.124852406127149,-0.25488333691276366,-0.7453242834459824,-0.3107974095636767,0.18659913581397025,53.74862706975686
LBN,Lebanon,2014,2023,10952.966001797275,112.98299999999999,2.2625325006330614,2.5862971500076153,0.4920146317086272,0.27595972293232157,-0.15681837413437308,0.17782326092277903,53.59891625206593
SLB,Solomon Islands,2014,2023,4269.5304462273,11.709999999999999,0.41913410416215807,33.90223604017784,-0.4183013095962315,-0.8306061089882287,-0.46401893715016357,0.17695097766570528,53.584035657106035
GAB,Gabon,2014,2023,4860.765127882644,24.721,0.46931917171717175,5.515205394548777,-0.33777231350011166,-0.6884405955826982,-0.4556556440945764,0.1684485486234033,53.438989650859995
KIR,Kiribati,2014,2023,3281.887259350583,0.019999999999999997,0.2102485294117647,26.78986926937842,-0.5528230431956116,-0.958337632446122,-0.4988295165084009,0.1634382994229116,53.35351800114518
GNQ,Equatorial Guinea,2014,2023,3583.901982291017,5.073,0.2622778977955912,2.408733684405029,-0.5116871910555665,-0.9031257087478556,-0.49015887250031936,0.1632181947744316,53.349763156493225
BTN,Bhutan,2014,2023,4767.843705694785,12.953,1.4599971652761379,13.66063017044765,-0.35042865636494736,-0.8170243909678555,-0.290560112943358,0.16005445016196984,53.29579169509826
QAT,Qatar,2014,2023,19799.529881181323,189.823,9.664406277056278,0.23416924455754162,1.6969590137134094,1.1155568369190219,1.0766967443783813,0.15979031900073243,53.29128578627245
MEX,Mexico,2014,2023,8661.056935399107,82.995,1.794007621684361,3.4499419559615654,0.17984563691303668,-0.05170605341116037,-0.23489759286185757,0.155166750849679,53.212410668164424
AGO,Angola,2014,2023,3887.7234454023105,7.526999999999999,0.8220079676177826,10.307208470354198,-0.4703052522486185,-0.876311922728551,-0.3968803967701497,0.15047631249922439,53.13239478718595
ZAF,South Africa,2014,2023,7609.805881268961,70.35900000000001,1.3744790445500685,2.3872201331772342,0.036660207064660284,-0.18977410562792169,-0.3048116251967026,0.14963223116664925,53.11799529903642
OMN,Oman,2014,2023,20606.819346965895,246.004,6.746195369940357,2.007434153762307,1.8069157064713313,1.7294220823756434,0.5903797141688011,0.1466905146572058,53.067811495198725
PSE,Palestine,2014,2023,8045.944218282502,77.55999999999999,1.707845990334585,6.921077406238931,0.09606433799351147,-0.11109192424038641,-0.24925634553934908,0.13887061575403337,52.93440901697637
BOL,Bolivia (Plurinational State of),2014,2023,4111.339538007711,7.5569999999999995,1.5506408963980967,11.93033135337317,-0.43984766914806006,-0.8759841258334494,-0.2754544226661899,0.13372739229995528,52.84666891146848
CMR,Cameroon,2014,2023,3649.2252328032237,10.764,0.7753318428200351,16.951911658514312,-0.5027898513887606,-0.8409426377470968,-0.4046589279030369,0.12719209017494595,52.73518083339954
ARM,Armenia,2014,2023,9271.573615521036,99.173,2.1413170757812092,13.3469429828269,0.26300093357544535,0.12506388555392076,-0.17701880765540495,0.12508595635662545,52.69925153631899
MWI,Malawi,2014,2023,5317.385368755106,38.378,1.142944878782371,24.50920376522646,-0.2755784491420947,-0.539216522369315,-0.3433965703813127,0.12360379719218009,52.67396684810176
AUT,Austria,2014,2023,9750.227689809073,109.729,2.1250264591181787,1.1881160465597178,0.3281959116031434,0.2404046863769765,-0.17973362319410688,0.12050016010684828,52.62102078270977
MLT,Malta,2014,2023,8770.611064762455,92.59700000000001,2.041904768555915,0.7054164564717302,0.19476743417823467,0.05321080614766704,-0.19358577267434796,0.12007854670449247,52.61382832748465
FSM,Micronesia,2014,2023,2753.4944966049593,0.522,0.43606064843192693,24.24101984406505,-0.6247926688766116,-0.9528524977347564,-0.4611981448897713,0.11999858454839452,52.61246422419897
STP,Sao Tome and Principe,2014,2023,2851.4904074237425,5.072,0.33317895150242716,13.4012536028574,-0.6114451563496623,-0.9031366353110255,-0.4783432803533092,0.11537649032428687,52.53361425034279
MKD,North Macedonia,2014,2023,6308.036833471458,58.477,1.2255912171506251,8.317686355109094,-0.14064697368906404,-0.31960352921446494,-0.32962363788526233,0.11499583007557625,52.527120429749
ATG,Antigua and Barbuda,2014,2023,3639.965543301628,5.985,1.50044,1.7538503090434603,-0.5040510654596903,-0.8931606831367692,-0.2838203535831946,0.11208031387996881,52.47738358652284
RWA,Rwanda,2014,2023,3876.789420476459,16.541,1.0479448303034105,25.05765458834026,-0.471794518825646,-0.7778198823137135,-0.3592282367401071,0.11084549040760013,52.45631828716017
LCA,Saint Lucia,2014,2023,6379.6801154066625,58.205999999999996,1.4561703239289445,1.7706175800858397,-0.1308888154647863,-0.32256462783354867,-0.29119785235914597,0.11066888448069725,52.45330550290179
ITA,Italy,2014,2023,8478.096441364543,92.926,1.8260080331100805,1.8839838836394847,0.1549255411084364,0.05680564543061367,-0.22956475519337632,0.11006598866795636,52.44302048559846
KNA,Saint Kitts and Nevis,2014,2023,3068.542863649999,7.078,0.6519411764705882,1.0359937462456992,-0.5818815719686523,-0.8812179495919037,-0.42522186331950046,0.10882414332155267,52.42183539755187
CHL,Chile,2014,2023,12331.786806129721,151.70499999999998,3.0572778343189198,3.8327531790763567,0.6798166308377369,0.699058102003027,-0.024374831582815035,0.10229376117177733,52.310431251116455
WSM,Samoa,2014,2023,2727.367636060743,0.8877777777777778,0.7945235683584178,9.570799309757486,-0.6283512724498633,-0.9488558037396669,-0.4014606453712073,0.1022638298622634,52.309920642102824
TJK,Tajikistan,2014,2023,5890.205578640177,44.549,2.0165943947817766,21.8076896566735,-0.19755759232012673,-0.4717887010469318,-0.19780372202726104,0.10208662427683778,52.30689762805324
SLE,Sierra Leone,2014,2023,3184.9816458581436,2.064,1.480107707261292,33.34679269650685,-0.5660220520033762,-0.9360037373265382,-0.28720871053776864,0.09789337543088436,52.2353634823079
AFG,Afghanistan,2014,2023,3162.9392543602453,10.873999999999999,0.8061467394119429,27.47666255602091,-0.5690243313248693,-0.8397407157983912,-0.3995236551370248,0.09574217942758231,52.198665453147186
DEU,Germany,2014,2023,11127.593088058053,135.034,2.8214415990444186,0.8108864558952312,0.5157996774512054,0.5169013673951108,-0.06367671249719106,0.09295862275880695,52.15117975512412
UGA,Uganda,2014,2023,2915.9108539092804,1.886,1.2370612802197802,23.64794404363525,-0.602670782916393,-0.9379486655708074,-0.32771216294885314,0.0921107880960786,52.13671623756062
LBR,Liberia,2014,2023,2963.64981349191,10.644,0.621288785110664,36.166864934571166,-0.5961685079160515,-0.8422538253275027,-0.43033005474549735,0.09198283272240199,52.13453340065164
COM,Comoros,2014,2023,2267.092853785759,1.198,0.48585822033898307,33.536313648894165,-0.6910429028548801,-0.9454661410318023,-0.4528994276097986,0.08589539292729426,52.030685567738175
BDI,Burundi,2014,2023,3507.230430703838,16.794999999999998,1.1157521166093813,29.378392213519653,-0.5221302236956012,-0.7750445352685206,-0.3479282179434943,0.08453681440340917,52.0075090862785
HTI,Haiti,2014,2023,3323.3798768689476,13.142999999999997,1.1592594692951048,18.852946731043158,-0.5471715499090557,-0.8149483439655459,-0.3406777596237039,0.08342674563651468,51.98857202247057
IRN,Iran (Islamic Republic of),2014,2023,5799.933780004276,54.83200000000001,1.5498275426825108,11.374693628346211,-0.20985304376351466,-0.3594308519692998,-0.2755899672776192,0.08229287771661314,51.96922896032044
NGA,Nigeria,2014,2023,3181.081253861471,11.661000000000001,1.0974327579566656,21.94790735452184,-0.5665533040791069,-0.8311415105835611,-0.3509811213760765,0.08213874668348936,51.96659958338805
AZE,Azerbaijan,2014,2023,5066.999088184632,41.037,1.6019095121915394,5.62050156878976,-0.30968226009264344,-0.5101627909001502,-0.2669105573428079,0.08041945956405747,51.93726964378808
RUS,Russian Federation,2014,2023,3334.37766216343,22.146,0.6153780130024076,3.562256050234936,-0.5456735988643611,-0.7165764957455789,-0.43131507921063234,0.07724859903736926,51.88317678944362
SYR,Syrian Arab Republic,2014,2023,2367.3971562983525,5.055,0.6302495775502717,37.467511599415374,-0.6773809763203178,-0.9033223868849165,-0.4288367473368628,0.0733844635555476,51.81725710738061
ZWE,Zimbabwe,2014,2023,3908.2215684474368,29.02,1.1174029727585209,7.819145329965825,-0.4675133096885895,-0.6414673005146501,-0.34765310436010155,0.0689724768845551,51.74199143411779
MDG,Madagascar,2014,2023,4490.692575498373,7.587999999999999,3.6781832083333335,23.936597514528362,-0.38817796805812127,-0.875645402375178,0.07909844952772789,0.06823892270446681,51.72947746856072
ECU,Ecuador,2014,2023,11038.48169610353,140.651,2.896552897461286,7.868532923112679,0.5036622789570339,0.5782758727212861,-0.05115948713414247,0.06595513549781502,51.690517518199165
VUT,Vanuatu,2014,2023,2409.523478713385,8.208,0.629668275862069,22.60086689115187,-0.6716431693909172,-0.8688709332097464,-0.4289336207019692,0.06565525891250353,51.68540181528066
CIV,Côte d'Ivoire,2014,2023,2463.972978041568,12.193000000000001,0.4076485679944883,16.642361102376,-0.6642268867287457,-0.8253285789770942,-0.46593299066350136,0.06517972233106803,51.67728946507839
VEN,Venezuela (Bolivarian Republic of),2014,2023,8376.70562694303,85.606,3.511899148484848,5.026753566184821,0.1411156264466776,-0.023176796974157955,0.05138737149717239,0.057608228118959215,51.548124612150204
CAF,Central African Republic,2014,2023,2221.134101172645,0.14099999999999996,1.3080024024173047,31.98847621943549,-0.6973027051374558,-0.9570155183025458,-0.3158898934265548,0.052290911535547324,51.45741458910472
MOZ,Mozambique,2014,2023,2126.9177923377606,8.040000000000001,0.615047629691145,25.35636058552089,-0.7101354177670882,-0.8707065958223149,-0.4313701372704772,0.04949357506912404,51.40969381653934
LBY,Libya,2014,2023,2619.429847193114,15.636,0.7619328292682926,3.1808904370863247,-0.6430529163960691,-0.7877084219826095,-0.4068918605750148,0.04866167936030541,51.395502207344244
HND,Honduras,2014,2023,8525.749121467832,114.60499999999999,1.802918687039208,11.92553788987791,0.16141606443034867,0.2936826083941439,-0.23341257242388808,0.04288558958138576,51.2969658067483
KHM,Cambodia,2014,2023,5909.394550636072,34.755,4.248529259675831,17.861387713198642,-0.19494396240481196,-0.5788034607344089,0.17414606832878593,0.042379738055960806,51.288336302973406
BEN,Benin,2014,2023,2649.8525597044354,19.466,0.7452695915495107,27.11305424397613,-0.6389091972045657,-0.7458596850413151,-0.40966877305290117,0.03866596003356523,51.2249816230869
KAZ,Kazakhstan,2014,2023,1568.6666257070026,4.199,0.434532424268605,4.646871530676718,-0.7861719011012459,-0.9126755249584799,-0.4614528219711258,0.03538850748476474,51.16907037695956
YEM,Yemen,2014,2023,2931.9371555531216,8.046,2.247666438098631,26.24053325570634,-0.6004879238545755,-0.8706410364432946,-0.15929578910291597,0.03079669247415842,51.090736947136705
PRK,Democratic People's Republic of Korea,2014,2023,4351.486450279799,39.926,1.9168097941733186,40.49347766008824,-0.4071385092139552,-0.5223022025820765,-0.21443272937906813,0.027086513973110106,51.02744367278421
GRD,Grenada,2014,2023,3988.792834918046,39.762,1.397392857142857,5.251512517433621,-0.4565391171988914,-0.5240941589419648,-0.30099306045084023,0.027033910055798346,51.026546283569786
BLZ,Belize,2014,2023,16676.66046172656,267.967,2.1580763449599933,8.188250223282584,1.2716092379122597,1.969402189279468,-0.17422589162742524,0.024959973183532866,50.991166245814476
TLS,Timor-Leste,2014,2023,2032.1266123976097,0.0,1.6988818359267472,15.409873330569576,-0.7230464305953187,-0.958556163709523,-0.25075021321674335,0.02488350864914933,50.9898618097202
COK,Cook Islands,2014,2023,2237.8823131965596,11.777,1.1123684210526315,1.7855316328294446,-0.6950215184233838,-0.8298740292558352,-0.3484921075411514,0.023325552371515665,50.963284071187786
TGO,Togo,2014,2023,1593.4228070910153,7.337000000000001,0.5991175460992907,19.239827931921617,-0.7827999905961885,-0.8783879697308605,-0.43402487032095344,0.019762612731211646,50.90250259771114
MDA,Republic of Moldova,2014,2023,3288.257403955466,38.297000000000004,0.7261903670394873,10.70313462373874,-0.5519553989826874,-0.5401015739860892,-0.41284830739697176,0.01686261950286036,50.853030566386906
UKR,Ukraine,2014,2023,4450.4957075736575,57.033,0.9915045729878244,9.954289926819706,-0.3936529740424161,-0.33538148643201815,-0.368633951130061,0.015629095393033435,50.83198743331888
NIU,Niue,2014,2023,806.5227185867659,0.0,0.2057894736842105,18.20997164862862,-0.8899795524882208,-0.958556163709523,-0.49957261384028856,0.01196920395322966,50.76955202409683
FRA,France,2014,2023,9581.147032013945,138.052,2.294463944741749,1.5104858140446342,0.3051663159891118,0.5498777350423241,-0.15149702980268892,0.010235779133075343,50.739980904356784
PRT,Portugal,2014,2023,6964.727137026387,98.076,1.6267562753579459,2.007866766463401,-0.051202608309019924,0.11307744575637498,-0.26276986825006865,0.008728059596545705,50.71426017252536
THA,Thailand,2014,2023,9644.304540422567,124.457,3.499016578497377,8.68545145629101,0.31376867120589086,0.401331108745484,0.04924050364656667,0.008486443507364038,50.710138356441256
IRQ,Iraq,2014,2023,3391.6789769272573,39.449,1.0346873673880845,3.719362856078358,-0.5378688852775341,-0.5275141732141907,-0.36143758013518984,0.006572648623164326,50.67749023866853
CPV,Cabo Verde,2014,2023,1374.0408738479211,3.307,0.9148194444444444,5.454341433334125,-0.8126808609068226,-0.9224220193061652,-0.3814134537641984,0.006373581824828986,50.674094286296445
PYF,French Polynesia,2014,2023,2140.141738961958,22.869999999999997,0.5944698376958438,2.6645433862467796,-0.708334252884315,-0.7086656640104623,-0.43479940643913906,0.002549137014981717,50.608851701734224
TZA,United Republic of Tanzania,2014,2023,2348.081872203483,12.036,1.7807651381497787,26.11964672467267,-0.6800118105486419,-0.8270440493947921,-0.2371044399576016,0.0013840100609491673,50.58897538043695
KWT,Kuwait,2014,2023,41303.63127862781,489.89700000000005,21.497114328906004,0.4688937725842349,4.6259206447143075,4.3943343536088335,3.0486061170287924,0.0012124547815903775,50.58604875699822
SWE,Sweden,2014,2023,7375.911480659146,101.586,2.180892567216842,1.206153483280415,0.004802669173146791,0.1514296824832532,-0.1704235902168262,-0.0006618060628533484,50.554075064680724
MAR,Morocco,2014,2023,3620.998448949431,45.888999999999996,1.0527194639407402,10.93038759577248,-0.5066344745769741,-0.45714710639906386,-0.35843254865423824,-0.0012332444763596129,50.54432669050644
SEN,Senegal,2014,2023,2141.619059750946,15.237,1.3238387329798127,15.23758062164551,-0.7081330347153874,-0.7920681206874597,-0.31325078422790287,-0.002726733358710709,50.51884872454164
GIN,Guinea,2014,2023,1771.1950419493755,2.625,1.8311327437567833,23.47159940970564,-0.7585865605470142,-0.9298739353881398,-0.22871072711188614,-0.005224089851742962,50.476245418629325
TUN,Tunisia,2014,2023,2388.702627336785,29.134000000000004,0.6948641006648124,9.546881249873923,-0.6744790690958019,-0.6402216723132642,-0.41806879944356695,-0.006931879538239885,50.44711161788814
TUV,Tuvalu,2014,2023,877.7448246737227,6.35,0.5386666666666666,16.14911248220214,-0.8802787604322206,-0.8891724875797008,-0.4440989510145541,-0.018348958166950535,50.252343552215095
NER,Niger,2014,2023,702.0158593660956,0.597,0.7512369655276101,36.0208352037387,-0.9042138873798014,-0.9520330054970028,-0.4086743159408046,-0.019117768686608638,50.23922813603444
ISR,Israel,2014,2023,12060.741773324964,189.221,2.6695446721803915,1.3569514153415443,0.6428989988620626,1.1089790458906514,-0.08899018870631177,-0.021141617102689313,50.20470257533416
LSO,Lesotho,2014,2023,1949.1489141656014,11.845,1.7508877572560637,5.019798526269377,-0.7343483906195207,-0.8291310229602719,-0.2420834766376584,-0.021196599731288207,50.20376460682522
KEN,Kenya,2014,2023,3984.035307909372,42.146,2.444345087065504,20.69476319012912,-0.45718711516957206,-0.4980452323445638,-0.1265194821410139,-0.024690761587684802,50.1441564383917
ARG,Argentina,2014,2023,3441.546128628391,46.025999999999996,1.4216182562502129,5.9438479415870695,-0.5310767403150264,-0.4556501672447669,-0.29695592107862995,-0.02805050269867433,50.08684140197739
BHR,Bahrain,2014,2023,11141.533311618394,135.978,5.749890904175385,0.2796169476603779,0.5176984026841817,0.5272160430276389,0.42434653685667323,-0.031287165914578224,50.0316259958041
GRC,Greece,2014,2023,5990.186525194612,92.938,1.5940825912717111,3.630494402731454,-0.18393970841618157,0.05693676418865428,-0.26821490615739646,-0.03280017150452888,50.0058150872792
DNK,Denmark,2014,2023,8693.589810216237,134.29500000000002,2.321067510994601,1.0561991670195248,0.1842767703198409,0.5088266372124436,-0.14706357117174398,-0.03295755172686866,50.00313028125507
ROU,Romania,2014,2023,4632.121514108357,73.87,1.2191741368918179,4.32601329033046,-0.368914669069445,-0.15141094233787353,-0.3306930381148585,-0.03791505885117355,49.91855837765681
GNB,Guinea-Bissau,2014,2023,1376.3175088531016,10.636,1.4139618911264222,35.35901775613347,-0.8123707723123389,-0.8423412378328632,-0.29823184693447635,-0.038306514457074475,49.9118803951678
BIH,Bosnia and Herzegovina,2014,2023,5679.30129075546,90.464,1.491102123860286,5.516731666363233,-0.22628376671871173,0.029904446905948668,-0.2853765016263868,-0.039454903688608184,49.89228960872064
ZMB,Zambia,2014,2023,4319.857524500588,64.59299999999999,1.5652754112079943,3.951276486618494,-0.4114465204312054,-0.2527766688664346,-0.27301559490238675,-0.04106403480851538,49.864838860080745
SDN,Sudan,2014,2023,1056.6875338134778,7.436999999999999,1.3147235415389176,21.253125592904194,-0.8559059061784766,-0.8772953134138556,-0.31476982208103355,-0.043276608235899405,49.82709377128653
MLI,Mali,2014,2023,1895.9014777034542,18.294,1.791342246072847,31.70373169688624,-0.7416009465605611,-0.7586656170766145,-0.2353417751341614,-0.047285297045727794,49.75870810182009
SYC,Seychelles,2014,2023,3895.25318238996,56.648,1.811806451612903,2.1976415287197653,-0.46927966599785,-0.33958821325248767,-0.2319314350386012,-0.051316526963635894,49.68993789545401
BFA,Burkina Faso,2014,2023,1143.6775216215342,12.7,1.266687645776173,19.789585358223242,-0.8440574530921603,-0.8197888114498784,-0.32277495773241194,-0.05319547102340569,49.657884310475715
GMB,Gambia,2014,2023,803.8720900656825,3.4590000000000005,1.6488018719985902,21.83149811561919,-0.8903405807912781,-0.9207611817043174,-0.25909599085438983,-0.059650909131182456,49.54775866150612
ETH,Ethiopia,2014,2023,2669.545433877028,29.502,2.5018916294071842,35.44718856313399,-0.6362269333987179,-0.6362006970666856,-0.11692940641955264,-0.06620955930452924,49.43587228065239
TUR,Türkiye,2014,2023,6269.31874642851,106.614,1.7624996108814919,6.26400152986412,-0.1459205626327998,0.20636844210226846,-0.24014837244194157,-0.06753769270495505,49.41321517354391
NAM,Namibia,2014,2023,1856.6281679541614,18.344,2.2513212221751915,7.919564379736229,-0.7469501594968315,-0.7581192889181119,-0.15868672286516183,-0.06902010438185022,49.387926177625644
FIN,Finland,2014,2023,4474.021566879086,68.119,2.3420506881208563,2.168657034609839,-0.3904486392986213,-0.21424960712883548,-0.14356674496239807,-0.07553531930512943,49.276780774382104
ISL,Iceland,2014,2023,8919.76659173856,142.628,3.0253880185745845,4.447362018407643,0.21508313151849212,0.5998776881084762,-0.029689238587771023,-0.07575358760227864,49.27305725671038
ESP,Spain,2014,2023,5557.460492476344,103.907,1.3618247224430764,2.6452230071441387,-0.24287906715253627,0.17679023560094098,-0.30692045575839416,-0.08560253695932508,49.10504047434718
SRB,Serbia,2014,2023,5885.050680085121,107.89200000000001,1.5494869586674758,5.1791726967427305,-0.19825971419913047,0.22033258983359338,-0.27564672527489925,-0.08640496702096191,49.09135153026389
SVN,Slovenia,2014,2023,7401.75144768444,121.628,2.7338913598498435,1.7739149441651332,0.008322196474687567,0.37041986153741047,-0.07826687533135143,-0.08781425121477587,49.067310042477125
ERI,Eritrea,2014,2023,696.348284412825,3.4859999999999998,2.2634209537572256,14.124227435498401,-0.9049858382403438,-0.9204661644987261,-0.15667031427901087,-0.09193619928878416,48.99699224233862
MMR,Myanmar,2014,2023,3100.7604488273637,31.935000000000002,3.6049476077070346,23.68126201173995,-0.5774933825212565,-0.6096163688739521,0.06689380739053719,-0.09371056332001412,48.96672272581857
MDV,Maldives,2014,2023,2859.445955431573,65.377,0.709624716553288,5.440666181381804,-0.6103615725979931,-0.2442102433411147,-0.41560895705676626,-0.09749739540257091,48.902121790348666
CYP,Cyprus,2014,2023,7056.595270327993,129.457,1.8562177520670917,1.685831705273729,-0.03868972843653055,0.4559639245957378,-0.2245303346959355,-0.09806697150117621,48.89240518607654
USA,United States of America,2014,2023,5863.269449793348,109.311,1.6924642390244078,0.9379315979694809,-0.2012264221131925,0.23583738297189538,-0.2518196995444853,-0.09834817995638394,48.8876079495283
SSD,South Sudan,2014,2023,1391.5454323780982,0.06899999999999999,4.012047596747318,10.079175547380506,-0.810296656175134,-0.9578022308507895,0.13473662751901352,-0.11097698290332689,48.67216864130137
LUX,Luxembourg,2014,2023,6079.133831678579,92.049,3.723004110516094,0.2260488221644724,-0.17182465914919143,0.047223049530479205,0.08656780960299965,-0.11312996387702981,48.635440161686226
SVK,Slovakia,2014,2023,6210.90903989171,120.89000000000001,1.6690851303086531,1.985555447838749,-0.15387624448912818,0.3623560579179132,-0.2557158054400079,-0.11402217603547966,48.6202195924038
JPN,Japan,2014,2023,11515.645981086516,188.988,4.126102918687963,1.03034793179416,0.5686543405441831,1.1064331566720296,0.15374383680279707,-0.11447145295742574,48.61255521521199
ARE,United Arab Emirates,2014,2023,14437.392261124303,191.996,8.551670014585246,0.7635047188810976,0.9666101812270431,1.1393002586875423,0.8912603205572417,-0.1296305761934037,48.35395025977743
AUS,Australia,2014,2023,3455.8885895371664,76.42999999999999,1.703929282024237,2.3847365662746514,-0.5291232284281766,-0.12343894062254372,-0.24990906119778244,-0.13859650530647075,48.20099723850961
POL,Poland,2014,2023,6714.509806516473,136.18300000000002,2.155129346425046,2.6235352182999403,-0.08528340745192363,0.5294559884774995,-0.17471700608801918,-0.1535350783746107,47.94615472800257
SOM,Somalia,2014,2023,1372.332516508019,0.0,5.1122965516834675,55.7941831843125,-0.8129135473608218,-0.958556163709523,0.318092053595655,-0.15776726059842666,47.87395640371008
TCD,Chad,2014,2023,955.0161166091799,5.072,4.165446110416237,36.26755977630201,-0.8697540402835471,-0.9031366353110255,0.16030034171942414,-0.16052341296414463,47.82693820558529
GEO,Georgia,2014,2023,3608.9300640698275,78.259,2.397670629252022,7.575727248617257,-0.508278246414132,-0.1034542565845208,-0.13429773547258275,-0.1641145000428575,47.76567655479614
SGP,Singapore,2014,2023,18524.630927457158,126.68599999999999,20.884242424242423,0.031000425567087708,1.5233116685002455,0.4256864180515271,2.9464716058294473,-0.17883357604770944,47.51457852392595
HUN,Hungary,2014,2023,5626.607675442987,128.964,1.830758805387975,3.497480141847235,-0.23346088956595068,0.4505771289529028,-0.22877304358001968,-0.1830372780955437,47.44286605323633
COL,Colombia,2014,2023,14854.241304208326,258.967,5.22071787813279,6.997970951716913,1.0233870179126032,1.8710631207490112,0.33616036297029456,-0.18483486890660544,47.412200302694714
CZE,Czechia,2014,2023,7336.289356165243,160.175,2.2234777050036776,2.027498420036129,-0.0005940540024221456,0.7916060920533572,-0.1633268181195595,-0.19691744738720723,47.20607923481561
LVA,Latvia,2014,2023,4040.07608746737,103.50899999999999,1.9866527478333076,3.8912585276402654,-0.44955409251668194,0.17244146345926067,-0.20279346858329525,-0.20333341352446127,47.09662695243979
HRV,Croatia,2014,2023,7789.204820209436,174.703,1.9505020219421318,3.089762312680752,0.06109520200294306,0.9503472017878545,-0.20881795215041762,-0.20540683159742756,47.06125576506899
LKA,Sri Lanka,2014,2023,4251.9743231416,101.673,2.536435660825175,7.945148365174655,-0.42069253766741477,0.15238029347904763,-0.1111726769351623,-0.20723256076026036,47.03010999222711
EST,Estonia,2014,2023,3484.187077131416,86.66,2.6042326970191696,2.286250006845531,-0.5252688388469987,-0.011660199392924434,-0.0998743663098141,-0.2079043260858186,47.01865010504405
NPL,Nepal,2014,2023,4744.927772607354,78.772,5.10274408692849,23.35304979960481,-0.35354991623584986,-0.09784892967828471,0.31650014456690917,-0.20886781954437433,47.00221352233193
IDN,Indonesia,2014,2023,6658.206678416619,143.558,3.309193957606332,13.089353322448142,-0.09295216323305955,0.6100393918566235,0.017606747144173877,-0.2292419777979073,46.65464340200553
BGR,Bulgaria,2014,2023,4343.791643264327,123.505,1.6868690361047143,3.7300246214694623,-0.4081865787933216,0.3909290206075957,-0.2527521347090206,-0.23777463296201826,46.50908175743652
HKG,Hong Kong,2014,2023,20564.577281952897,363.674,6.831215548780488,0.06754473069561187,1.8011621348455946,3.0151507705955156,0.6045482448876048,-0.24515933172003826,46.38310351558919
PHL,Philippines,2014,2023,5424.427735867138,99.40299999999999,5.3635138874212585,10.133333417053706,-0.26099876592873883,0.1275769950830323,0.3599571800521618,-0.24571183820588263,46.373678108002956
LTU,Lithuania,2014,2023,4376.1088949173545,122.798,2.1876468089379135,3.3129309965604747,-0.40378481429446383,0.3832039404463699,-0.1692980023550649,-0.2543398479776534,46.22648977476069
GBR,United Kingdom,2014,2023,8933.829380425337,181.435,4.4486915125886375,0.6340581144482138,0.2169985507088673,1.0239048250486362,0.20750291452494346,-0.26139782832683645,46.106085140188775
CAN,Canada,2014,2023,2763.401182424423,104.88199999999999,1.4540367187384589,1.7239328384877606,-0.623443330807594,0.1874436346917404,-0.2915534156041968,-0.2638942353698902,46.06349803128638
PAK,Pakistan,2014,2023,5906.64597591386,146.218,2.862700286338873,22.355398390793262,-0.19531833144969826,0.6391040498889585,-0.05680099209382418,-0.26542421609559574,46.03739753779295
MNE,Montenegro,2014,2023,8932.0473572111,166.277,5.90975682053328,6.914178310312991,0.21675583060986925,0.8582799805170066,0.4509880374710825,-0.2726908797484314,45.913432899413365
BWA,Botswana,2014,2023,1349.655571392978,60.028999999999996,3.1333079101397954,1.9027052565664608,-0.8160022559249542,-0.30264550317454614,-0.011704492852445583,-0.27348124100075416,45.89994984150477
MRT,Mauritania,2014,2023,1321.4611639793873,10.644,7.1409170217391305,20.57897408710224,-0.8198424692869049,-0.8422538253275027,0.6561596963469618,-0.28029288766759686,45.78374750214163
MYS,Malaysia,2014,2023,7068.845302032836,192.553,1.4885278005542435,8.344375156236604,-0.037021215431551346,1.1453863543732605,-0.2858055101198925,-0.28882407572620317,45.63821088545502
TTO,Trinidad and Tobago,2014,2023,3850.6138412264854,110.37899999999999,3.6654974468085104,0.8944824194013569,-0.47535975812002074,0.24750695243750942,0.07698437961740875,-0.3074100717896143,45.32114566942207
PRY,Paraguay,2014,2023,3547.6613701280467,124.58,2.410844649171823,10.619493877941625,-0.5166233360516986,0.4026750760154003,-0.13210229777214205,-0.320257449584849,45.101977613956805
BRA,Brazil,2014,2023,10671.46640490759,256.504,3.1236197546036144,5.082290152106813,0.4536730380194338,1.8441509956611766,-0.01331901461887282,-0.34576267793488946,44.66687471663644
BLR,Belarus,2014,2023,5745.757638809734,172.136,2.801227971973305,7.050640098336842,-0.21723209373829494,0.922298714130334,-0.0670452939328294,-0.3576827329381256,44.46352619542558
GUY,Guyana,2014,2023,13510.76041001839,172.174,14.784192416507937,18.039315922239464,0.8403984838494053,0.9227139235307962,1.9299041614896477,-0.38111089969941836,44.06385664152696
IND,India,2014,2023,4788.0436645594755,168.408,2.85925277330742,16.745619171378518,-0.3476773251947223,0.8815644866323847,-0.05737551681202625,-0.4065802631243339,43.62936557691084
MNG,Mongolia,2014,2023,1537.264337865336,27.98,9.506310711491041,12.324917531890094,-0.7904490431456379,-0.6528309262115028,1.050350271014338,-0.4224403593056707,43.358802470963646
KOR,Republic of Korea,2014,2023,12675.287918996311,287.86,5.990141056125368,1.804334802679951,0.7266031280364444,2.186764310421288,0.4643839927234897,-0.44515388369085873,42.97132425933116
NZL,New Zealand,2014,2023,15649.153647899086,108.85499999999999,24.463881844919463,5.2654945037326994,1.1316578873457106,0.23085487016635206,3.543015059230928,-0.44576417655206785,42.96091305310781
BRN,Brunei Darussalam,2014,2023,2021.994009904231,70.9,7.898734000000001,1.1002918053518131,-0.7244265395976328,-0.18386283495292427,0.7824491641203701,-0.46644538336315006,42.60810488059955
NOR,Norway,2014,2023,5631.194455953155,204.436,3.804923711999285,1.7568970922902636,-0.2328361480863695,1.2752267045229737,0.10021963209880089,-0.5123991860204586,41.82416237262935
URY,Uruguay,2014,2023,2879.1258932488413,152.26799999999997,4.379063900417863,6.522906765029354,-0.6076810707857154,0.7052097570677653,0.19589954018044128,-0.5339942940190119,41.45576362986327
UZB,Uzbekistan,2014,2023,6418.991090445621,236.102,3.686504393673763,24.42419823184799,-0.1255344723356186,1.621227253865801,0.08048516703080949,-0.562979980468471,40.961286341446474
SUR,Suriname,2014,2023,7038.631520196819,181.86100000000002,10.270246487542785,9.268920158147186,-0.041136477264144544,1.028559540959078,1.1776594305320456,-0.6214941346895998,39.96307226210366
VNM,Viet Nam,2014,2023,8069.029472842138,259.043,5.801275016202449,12.919487197159919,0.09920866026010428,1.8718935395499352,0.43290964951587946,-0.6251515771269034,39.9006786312993
NCL,New Caledonia,2014,2023,2442.932017099153,154.092,6.29403655396743,1.8454119830470919,-0.6670927664109835,0.7251398082899384,0.5150278840351956,-0.646490658380723,39.536647541192366
EGY,Egypt,2014,2023,15641.931249766441,417.354,6.582777168698142,11.11646741875369,1.130674162119376,3.6016886815638403,0.5631462287080641,-0.7124897886924488,38.410744552787605
CHN,China,2014,2023,9205.012550585889,375.96999999999997,4.8413159078551455,7.4525785062792975,0.2539349976541817,3.14950379133446,0.27293339092685204,-0.8988137361876691,35.2321770731042
BGD,Bangladesh,2014,2023,5433.531926161077,297.563,7.397940689673536,12.6865922361562,-0.25975873159484925,2.2927847528602903,0.6989924424581628,-0.9794749656903099,33.85614804186574
TKM,Turkmenistan,2014,2023,2244.4516301093818,277.797,4.496322100669787,10.662630621529598,-0.6941267459879344,2.076810305241067,0.21544050604249873,-0.9892602537775153,33.689217280085245
TWN,Taiwan,2014,2023,11477.001525631833,461.804,4.711946373896872,0.0733810386526965,0.5633907805755191,4.087374414472596,0.25137408299582803,-1.0355299938317524,32.899885082013526
IRL,Ireland,2014,2023,9343.443337527604,286.135,20.484346251110257,0.9723278177396342,0.2727899340222594,2.16791598895295,2.8798292946669504,-1.2475766500426058,29.282504628946874
DJI,Djibouti,2014,2023,1897.6183841415343,21.512,71.55123317910159,1.7634710454005245,-0.7413670956784335,-0.7235039367953912,11.390076697385828,-2.9640831863631347,0.0
